{"cameraMode":{"drawMode":0,"name":"Shaded","section":"Shading Mode"},"sceneLighting":false,"audioPlay":false,"sceneViewState":{"m_AlwaysRefresh":false,"showFog":true,"showSkybox":false,"showFlares":true,"showImageEffects":true,"showParticleSystems":true,"showVisualEffectGraphs":true,"m_FxEnabled":true},"in2DMode":false,"pivot":{"x":-0.39430633187294009,"y":-0.49115943908691409,"z":0.5464826226234436},"rotation":{"x":0.10445503145456314,"y":-0.7313050031661987,"z":0.11501672118902207,"w":0.6641301512718201},"size":1.5201821327209473,"orthographic":false}