{"cameraMode":{"drawMode":0,"name":"Shaded","section":"Shading Mode"},"sceneLighting":false,"audioPlay":false,"sceneViewState":{"m_AlwaysRefresh":false,"showFog":true,"showSkybox":false,"showFlares":true,"showImageEffects":true,"showParticleSystems":true,"showVisualEffectGraphs":true,"m_FxEnabled":true},"in2DMode":false,"pivot":{"x":0.1666887402534485,"y":1.4054853916168213,"z":-0.9496631622314453},"rotation":{"x":-0.05374162271618843,"y":0.09682687371969223,"z":-0.005062255077064037,"w":-0.9939687252044678},"size":1.4230165481567383,"orthographic":false}