{"cameraMode":{"drawMode":0,"name":"Shaded","section":"Shading Mode"},"sceneLighting":false,"audioPlay":false,"sceneViewState":{"m_AlwaysRefresh":false,"showFog":true,"showSkybox":false,"showFlares":true,"showImageEffects":true,"showParticleSystems":true,"showVisualEffectGraphs":true,"m_FxEnabled":true},"in2DMode":false,"pivot":{"x":474.2034606933594,"y":245.32357788085938,"z":753.3170776367188},"rotation":{"x":-0.008001896552741528,"y":-0.008500405587255955,"z":-0.00002300100095453672,"w":1.0000159740447999},"size":473.8565979003906,"orthographic":false}