{"cameraMode":{"drawMode":0,"name":"Shaded","section":"Shading Mode"},"sceneLighting":false,"audioPlay":false,"sceneViewState":{"m_AlwaysRefresh":false,"showFog":false,"showSkybox":false,"showFlares":false,"showImageEffects":false,"showParticleSystems":false,"showVisualEffectGraphs":true,"m_FxEnabled":true},"in2DMode":false,"pivot":{"x":0.08616315573453903,"y":1.0142602920532227,"z":0.42677438259124758},"rotation":{"x":0.0010231704218313099,"y":-0.9800182580947876,"z":0.19916896522045136,"w":0.0051964567974209789},"size":0.7987462878227234,"orthographic":false}