{"cameraMode":{"drawMode":0,"name":"Shaded","section":"Shading Mode"},"sceneLighting":true,"audioPlay":false,"sceneViewState":{"m_AlwaysRefresh":false,"showFog":true,"showSkybox":true,"showFlares":true,"showImageEffects":true,"showParticleSystems":true,"showVisualEffectGraphs":true,"m_FxEnabled":true},"in2DMode":false,"pivot":{"x":-2.5867772102355959,"y":-0.18926620483398438,"z":12.21235179901123},"rotation":{"x":0.20715615153312684,"y":-0.05623731017112732,"z":0.011919352225959301,"w":0.976706862449646},"size":13.51901626586914,"orthographic":false}