{"cameraMode":{"drawMode":0,"name":"Shaded","section":"Shading Mode"},"sceneLighting":true,"audioPlay":false,"sceneViewState":{"m_AlwaysRefresh":false,"showFog":true,"showSkybox":true,"showFlares":true,"showImageEffects":true,"showParticleSystems":true,"showVisualEffectGraphs":true,"m_FxEnabled":true},"in2DMode":false,"pivot":{"x":-0.30454719066619875,"y":1.1433895826339722,"z":0.21925637125968934},"rotation":{"x":0.19526122510433198,"y":0.16774816811084748,"z":-0.03401827812194824,"w":0.9658294320106506},"size":2.8947839736938478,"orthographic":false}