{"cameraMode":{"drawMode":0,"name":"Shaded","section":"Shading Mode"},"sceneLighting":true,"audioPlay":false,"sceneViewState":{"m_AlwaysRefresh":false,"showFog":true,"showSkybox":false,"showFlares":true,"showImageEffects":true,"showParticleSystems":true,"showVisualEffectGraphs":true,"m_FxEnabled":true},"in2DMode":false,"pivot":{"x":2.5932278633117677,"y":1.4670000076293946,"z":1.2820959091186524},"rotation":{"x":0.16481547057628632,"y":0.5717344880104065,"z":-0.11867327243089676,"w":0.7950171828269959},"size":7.274612903594971,"orthographic":false}